{"assets/data/test.csv":["assets/data/test.csv"],"assets/font/.DS_Store":["assets/font/.DS_Store"],"assets/font/Noto_Sans_TC/NotoSansTC-Regular.otf":["assets/font/Noto_Sans_TC/NotoSansTC-Regular.otf"],"assets/ibm/IBM_logo_dark.png":["assets/ibm/IBM_logo_dark.png"],"assets/ibm/IBM_logo_light.png":["assets/ibm/IBM_logo_light.png"],"assets/images/.DS_Store":["assets/images/.DS_Store"],"assets/images/logo.png":["assets/images/logo.png"],"packages/cupertino_icons/assets/CupertinoIcons.ttf":["packages/cupertino_icons/assets/CupertinoIcons.ttf"],"packages/syncfusion_flutter_datagrid/assets/font/FilterIcon.ttf":["packages/syncfusion_flutter_datagrid/assets/font/FilterIcon.ttf"],"packages/syncfusion_flutter_datagrid/assets/font/UnsortIcon.ttf":["packages/syncfusion_flutter_datagrid/assets/font/UnsortIcon.ttf"]}